"pokemon","move","percent"
"Incineroar","Fake Out","99.970"
"Incineroar","U-turn","99.201"
"Incineroar","Flare Blitz","88.076"
"Incineroar","Snarl","40.737"
"Incineroar","Darkest Lariat","25.461"
"Incineroar","Knock Off","12.711"
"Incineroar","Roar","11.519"
"Incineroar","Throat Chop","8.641"
"Incineroar","Other","13.684"
"Rayquaza-Mega","Dragon Ascent","100.000"
"Rayquaza-Mega","Extreme Speed","97.616"
"Rayquaza-Mega","Protect","56.883"
"Rayquaza-Mega","Swords Dance","39.722"
"Rayquaza-Mega","Earth Power","31.424"
"Rayquaza-Mega","Crunch","30.048"
"Rayquaza-Mega","Waterfall","14.670"
"Rayquaza-Mega","Earthquake","6.507"
"Rayquaza-Mega","Draco Meteor","5.509"
"Rayquaza-Mega","Aqua Tail","5.272"
"Rayquaza-Mega","Other","12.348"
"Tapu Koko","Volt Switch","87.376"
"Tapu Koko","Dazzling Gleam","63.531"
"Tapu Koko","Protect","49.564"
"Tapu Koko","Thunderbolt","38.943"
"Tapu Koko","Nature's Madness","35.066"
"Tapu Koko","Thunder","30.936"
"Tapu Koko","Electroweb","23.027"
"Tapu Koko","Wild Charge","21.125"
"Tapu Koko","Sky Drop","20.236"
"Tapu Koko","Discharge","12.734"
"Tapu Koko","Light Screen","10.464"
"Tapu Koko","Other","7.000"
"Xerneas","Protect","99.851"
"Xerneas","Dazzling Gleam","99.751"
"Xerneas","Geomancy","99.735"
"Xerneas","Moonblast","99.340"
"Xerneas","Other","1.323"
"Tapu Fini","Nature's Madness","80.238"
"Tapu Fini","Icy Wind","70.823"
"Tapu Fini","Light Screen","54.563"
"Tapu Fini","Heal Pulse","46.396"
"Tapu Fini","Scald","32.800"
"Tapu Fini","Haze","32.377"
"Tapu Fini","Moonblast","20.599"
"Tapu Fini","Protect","13.659"
"Tapu Fini","Gravity","11.526"
"Tapu Fini","Hydro Pump","11.337"
"Tapu Fini","Taunt","6.416"
"Tapu Fini","Other","19.265"
"Groudon-Primal","Protect","99.489"
"Groudon-Primal","Precipice Blades","71.248"
"Groudon-Primal","Fire Punch","65.455"
"Groudon-Primal","Eruption","37.799"
"Groudon-Primal","Earth Power","37.082"
"Groudon-Primal","Roar","30.013"
"Groudon-Primal","Swords Dance","23.436"
"Groudon-Primal","Dragon Claw","15.256"
"Groudon-Primal","Substitute","6.972"
"Groudon-Primal","Overheat","6.109"
"Groudon-Primal","Other","7.140"
"Lunala","Moongeist Beam","99.998"
"Lunala","Protect","61.040"
"Lunala","Psyshock","58.008"
"Lunala","Tailwind","55.931"
"Lunala","Wide Guard","49.153"
"Lunala","Trick Room","34.612"
"Lunala","Ice Beam","13.911"
"Lunala","Thunder","6.386"
"Lunala","Other","20.960"
"Kyogre-Primal","Protect","99.717"
"Kyogre-Primal","Ice Beam","96.923"
"Kyogre-Primal","Water Spout","89.916"
"Kyogre-Primal","Origin Pulse","53.785"
"Kyogre-Primal","Scald","46.508"
"Kyogre-Primal","Thunder","9.860"
"Kyogre-Primal","Other","3.292"
"Salamence-Mega","Double-Edge","99.200"
"Salamence-Mega","Tailwind","97.524"
"Salamence-Mega","Protect","90.943"
"Salamence-Mega","Hyper Voice","45.832"
"Salamence-Mega","Earthquake","37.869"
"Salamence-Mega","Draco Meteor","15.764"
"Salamence-Mega","Crunch","7.530"
"Salamence-Mega","Other","5.339"
"Kartana","Leaf Blade","99.996"
"Kartana","Sacred Sword","97.392"
"Kartana","Knock Off","86.478"
"Kartana","Smart Strike","80.961"
"Kartana","Tailwind","13.557"
"Kartana","Detect","13.058"
"Kartana","Protect","6.151"
"Kartana","Other","2.407"
"Amoonguss","Spore","99.654"
"Amoonguss","Rage Powder","98.502"
"Amoonguss","Protect","72.965"
"Amoonguss","Clear Smog","68.972"
"Amoonguss","Grass Knot","48.234"
"Amoonguss","Foul Play","8.860"
"Amoonguss","Other","2.813"
"Kangaskhan-Mega","Fake Out","99.997"
"Kangaskhan-Mega","Double-Edge","94.140"
"Kangaskhan-Mega","Bite","83.389"
"Kangaskhan-Mega","Low Kick","39.653"
"Kangaskhan-Mega","Helping Hand","36.590"
"Kangaskhan-Mega","Roar","17.070"
"Kangaskhan-Mega","Crunch","13.609"
"Kangaskhan-Mega","Sucker Punch","5.944"
"Kangaskhan-Mega","Return","5.786"
"Kangaskhan-Mega","Other","3.821"
"Stakataka","Gyro Ball","99.879"
"Stakataka","Trick Room","91.748"
"Stakataka","Protect","62.450"
"Stakataka","Rock Slide","44.577"
"Stakataka","Stone Edge","37.445"
"Stakataka","Substitute","20.849"
"Stakataka","Wide Guard","19.600"
"Stakataka","Skill Swap","10.372"
"Stakataka","Superpower","5.571"
"Stakataka","Other","7.509"
"Tapu Lele","Moonblast","91.488"
"Tapu Lele","Psyshock","57.228"
"Tapu Lele","Magic Room","53.820"
"Tapu Lele","Psychic","48.359"
"Tapu Lele","Dazzling Gleam","46.564"
"Tapu Lele","Taunt","25.518"
"Tapu Lele","Protect","16.734"
"Tapu Lele","Ally Switch","14.053"
"Tapu Lele","Shadow Ball","12.940"
"Tapu Lele","Nature's Madness","9.909"
"Tapu Lele","Skill Swap","9.709"
"Tapu Lele","Focus Blast","7.375"
"Tapu Lele","Other","6.304"
"Nihilego","Protect","98.871"
"Nihilego","Sludge Bomb","85.878"
"Nihilego","Power Gem","65.207"
"Nihilego","Trick Room","41.961"
"Nihilego","Hidden Power Water","40.493"
"Nihilego","Clear Smog","28.682"
"Nihilego","Substitute","25.321"
"Nihilego","Other","13.588"
"Crobat","Tailwind","99.956"
"Crobat","Super Fang","73.928"
"Crobat","Haze","72.025"
"Crobat","Taunt","54.177"
"Crobat","Sludge Bomb","50.832"
"Crobat","Quick Guard","32.789"
"Crobat","U-turn","8.157"
"Crobat","Other","8.136"
"Necrozma-Dusk-Mane","Protect","96.094"
"Necrozma-Dusk-Mane","Photon Geyser","91.821"
"Necrozma-Dusk-Mane","Trick Room","75.097"
"Necrozma-Dusk-Mane","Earth Power","65.768"
"Necrozma-Dusk-Mane","Sunsteel Strike","46.057"
"Necrozma-Dusk-Mane","Swords Dance","8.317"
"Necrozma-Dusk-Mane","Calm Mind","5.236"
"Necrozma-Dusk-Mane","Other","11.610"
"Tornadus","Tailwind","99.997"
"Tornadus","Hurricane","98.786"
"Tornadus","Taunt","97.799"
"Tornadus","Icy Wind","59.613"
"Tornadus","Role Play","33.431"
"Tornadus","Other","10.375"
"Ditto","Transform","100.000"
"Ditto","Other","300.000"
"Landorus-Therian","Protect","84.804"
"Landorus-Therian","Earthquake","82.381"
"Landorus-Therian","U-turn","77.435"
"Landorus-Therian","Earth Power","40.289"
"Landorus-Therian","Rock Tomb","39.397"
"Landorus-Therian","Rock Slide","18.661"
"Landorus-Therian","Hidden Power Ice","14.980"
"Landorus-Therian","Sludge Bomb","12.442"
"Landorus-Therian","Gravity","7.093"
"Landorus-Therian","Knock Off","6.297"
"Landorus-Therian","Explosion","5.844"
"Landorus-Therian","Other","10.377"
"Metagross-Mega","Iron Head","86.922"
"Metagross-Mega","Stomping Tantrum","79.726"
"Metagross-Mega","Protect","74.636"
"Metagross-Mega","Bullet Punch","70.659"
"Metagross-Mega","Thunder Punch","25.911"
"Metagross-Mega","Hammer Arm","19.382"
"Metagross-Mega","Substitute","19.231"
"Metagross-Mega","Meteor Mash","12.642"
"Metagross-Mega","Ice Punch","5.744"
"Metagross-Mega","Other","5.147"
"Yveltal","Foul Play","85.254"
"Yveltal","Protect","79.801"
"Yveltal","Tailwind","74.083"
"Yveltal","Snarl","55.184"
"Yveltal","Sucker Punch","52.123"
"Yveltal","Oblivion Wing","25.154"
"Yveltal","Dark Pulse","16.254"
"Yveltal","Knock Off","6.160"
"Yveltal","Other","5.987"
"Gengar-Mega","Protect","99.301"
"Gengar-Mega","Sludge Bomb","88.030"
"Gengar-Mega","Substitute","67.235"
"Gengar-Mega","Perish Song","47.377"
"Gengar-Mega","Shadow Ball","30.988"
"Gengar-Mega","Icy Wind","17.187"
"Gengar-Mega","Disable","15.328"
"Gengar-Mega","Taunt","13.519"
"Gengar-Mega","Hidden Power Water","11.619"
"Gengar-Mega","Other","9.417"
"Togedemaru","Fake Out","99.454"
"Togedemaru","Nuzzle","80.366"
"Togedemaru","U-turn","70.408"
"Togedemaru","Zing Zap","55.931"
"Togedemaru","Super Fang","42.391"
"Togedemaru","Iron Head","15.977"
"Togedemaru","Encore","15.888"
"Togedemaru","Helping Hand","8.531"
"Togedemaru","Other","11.055"
"Solgaleo","Sunsteel Strike","99.902"
"Solgaleo","Protect","99.335"
"Solgaleo","Superpower","87.849"
"Solgaleo","Trick Room","62.031"
"Solgaleo","Wild Charge","27.358"
"Solgaleo","Earthquake","11.875"
"Solgaleo","Other","11.650"
"Shedinja","Shadow Sneak","99.161"
"Shedinja","Protect","96.605"
"Shedinja","Toxic","92.077"
"Shedinja","Ally Switch","75.148"
"Shedinja","Shadow Claw","27.847"
"Shedinja","Phantom Force","5.882"
"Shedinja","Other","3.280"
"Bronzong","Trick Room","99.931"
"Bronzong","Gyro Ball","99.854"
"Bronzong","Hypnosis","71.142"
"Bronzong","Protect","46.178"
"Bronzong","Skill Swap","38.020"
"Bronzong","Gravity","33.345"
"Bronzong","Safeguard","5.220"
"Bronzong","Other","6.310"
"Ferrothorn","Gyro Ball","99.903"
"Ferrothorn","Protect","90.248"
"Ferrothorn","Leech Seed","87.727"
"Ferrothorn","Power Whip","78.392"
"Ferrothorn","Seed Bomb","10.680"
"Ferrothorn","Knock Off","9.998"
"Ferrothorn","Substitute","9.115"
"Ferrothorn","Swords Dance","6.016"
"Ferrothorn","Other","7.920"
"Celesteela","Leech Seed","99.712"
"Celesteela","Heavy Slam","99.647"
"Celesteela","Protect","99.040"
"Celesteela","Wide Guard","91.707"
"Celesteela","Substitute","5.928"
"Celesteela","Other","3.965"
"Umbreon","Foul Play","99.983"
"Umbreon","Snarl","99.805"
"Umbreon","Moonlight","93.827"
"Umbreon","Helping Hand","93.511"
"Umbreon","Protect","6.518"
"Umbreon","Toxic","5.134"
"Umbreon","Other","1.221"
"Smeargle","Follow Me","98.432"
"Smeargle","Spore","69.030"
"Smeargle","Fake Out","60.927"
"Smeargle","Spiky Shield","49.770"
"Smeargle","Wide Guard","41.113"
"Smeargle","Lovely Kiss","22.755"
"Smeargle","Transform","16.043"
"Smeargle","Taunt","11.088"
"Smeargle","Helping Hand","10.975"
"Smeargle","Crafty Shield","5.376"
"Smeargle","Other","14.490"
"Mimikyu","Play Rough","96.047"
"Mimikyu","Trick Room","89.288"
"Mimikyu","Shadow Sneak","86.082"
"Mimikyu","Protect","53.037"
"Mimikyu","Swords Dance","33.186"
"Mimikyu","Destiny Bond","13.877"
"Mimikyu","Curse","11.504"
"Mimikyu","Taunt","11.453"
"Mimikyu","Other","5.526"
"Whimsicott","Tailwind","98.397"
"Whimsicott","Moonblast","92.446"
"Whimsicott","Encore","59.798"
"Whimsicott","Taunt","52.330"
"Whimsicott","Protect","46.058"
"Whimsicott","Helping Hand","23.361"
"Whimsicott","Beat Up","6.703"
"Whimsicott","Grass Knot","5.338"
"Whimsicott","Other","15.569"
"Kommo-o","Clanging Scales","99.997"
"Kommo-o","Protect","99.817"
"Kommo-o","Substitute","85.867"
"Kommo-o","Close Combat","38.090"
"Kommo-o","Focus Blast","34.532"
"Kommo-o","Low Kick","22.644"
"Kommo-o","Poison Jab","9.866"
"Kommo-o","Flamethrower","5.771"
"Kommo-o","Other","3.417"
"Naganadel","Sludge Bomb","99.982"
"Naganadel","Protect","98.964"
"Naganadel","Draco Meteor","87.839"
"Naganadel","Dark Pulse","32.199"
"Naganadel","Tailwind","30.320"
"Naganadel","Fire Blast","22.977"
"Naganadel","Snarl","12.912"
"Naganadel","Flamethrower","11.602"
"Naganadel","Other","3.206"
"Chansey","Seismic Toss","99.984"
"Chansey","Soft-Boiled","99.927"
"Chansey","Toxic","94.174"
"Chansey","Ally Switch","79.048"
"Chansey","Helping Hand","13.953"
"Chansey","Minimize","5.852"
"Chansey","Substitute","5.571"
"Chansey","Other","1.493"
"Lucario-Mega","Close Combat","99.795"
"Lucario-Mega","Meteor Mash","97.957"
"Lucario-Mega","Protect","93.355"
"Lucario-Mega","Follow Me","50.614"
"Lucario-Mega","Extreme Speed","27.546"
"Lucario-Mega","Bullet Punch","9.116"
"Lucario-Mega","Role Play","7.113"
"Lucario-Mega","Substitute","6.964"
"Lucario-Mega","Detect","5.441"
"Lucario-Mega","Other","2.098"
"Gengar","Shadow Ball","98.738"
"Gengar","Sludge Bomb","97.198"
"Gengar","Taunt","77.279"
"Gengar","Icy Wind","61.441"
"Gengar","Trick Room","15.561"
"Gengar","Protect","15.087"
"Gengar","Destiny Bond","10.693"
"Gengar","Trick","10.169"
"Gengar","Other","13.834"
"Gastrodon","Earth Power","99.351"
"Gastrodon","Ice Beam","84.127"
"Gastrodon","Recover","61.997"
"Gastrodon","Protect","56.021"
"Gastrodon","Stockpile","43.132"
"Gastrodon","Surf","19.913"
"Gastrodon","Icy Wind","13.611"
"Gastrodon","Scald","9.882"
"Gastrodon","Clear Smog","6.861"
"Gastrodon","Other","5.104"
"Necrozma-Dawn-Wings","Moongeist Beam","97.615"
"Necrozma-Dawn-Wings","Protect","96.402"
"Necrozma-Dawn-Wings","Photon Geyser","91.476"
"Necrozma-Dawn-Wings","Earth Power","73.470"
"Necrozma-Dawn-Wings","Trick Room","34.410"
"Necrozma-Dawn-Wings","Other","6.626"
"Lopunny-Mega","Fake Out","99.619"
"Lopunny-Mega","High Jump Kick","99.345"
"Lopunny-Mega","After You","40.525"
"Lopunny-Mega","Return","36.245"
"Lopunny-Mega","Encore","30.937"
"Lopunny-Mega","Frustration","26.668"
"Lopunny-Mega","Ice Punch","25.527"
"Lopunny-Mega","Giga Impact","24.172"
"Lopunny-Mega","Helping Hand","8.995"
"Lopunny-Mega","Fake Tears","5.381"
"Lopunny-Mega","Other","2.585"
"Mandibuzz","Foul Play","99.831"
"Mandibuzz","Tailwind","97.850"
"Mandibuzz","Snarl","90.866"
"Mandibuzz","Roost","42.871"
"Mandibuzz","Taunt","25.960"
"Mandibuzz","Whirlwind","22.847"
"Mandibuzz","Protect","16.030"
"Mandibuzz","Other","3.744"
"Snorlax","Belly Drum","91.896"
"Snorlax","Recycle","81.889"
"Snorlax","Frustration","66.027"
"Snorlax","Protect","58.221"
"Snorlax","Crunch","25.797"
"Snorlax","Return","25.122"
"Snorlax","Stockpile","18.656"
"Snorlax","High Horsepower","10.075"
"Snorlax","Double-Edge","8.498"
"Snorlax","Curse","5.609"
"Snorlax","Other","8.210"
"Mawile-Mega","Play Rough","99.055"
"Mawile-Mega","Sucker Punch","97.122"
"Mawile-Mega","Protect","95.747"
"Mawile-Mega","Iron Head","83.077"
"Mawile-Mega","Foul Play","15.761"
"Mawile-Mega","Other","9.238"
"Persian-Alola","Fake Out","100.000"
"Persian-Alola","Foul Play","98.689"
"Persian-Alola","Parting Shot","96.578"
"Persian-Alola","Taunt","39.106"
"Persian-Alola","Protect","26.021"
"Persian-Alola","Quash","18.496"
"Persian-Alola","Snarl","8.145"
"Persian-Alola","Icy Wind","6.918"
"Persian-Alola","Other","6.047"
"Manectric-Mega","Protect","98.682"
"Manectric-Mega","Volt Switch","98.091"
"Manectric-Mega","Snarl","48.718"
"Manectric-Mega","Eerie Impulse","45.819"
"Manectric-Mega","Swagger","39.135"
"Manectric-Mega","Thunder","26.412"
"Manectric-Mega","Hidden Power Water","16.995"
"Manectric-Mega","Thunderbolt","6.634"
"Manectric-Mega","Overheat","6.441"
"Manectric-Mega","Other","13.073"
"Togekiss","Follow Me","98.258"
"Togekiss","Air Slash","90.222"
"Togekiss","Tailwind","78.202"
"Togekiss","Protect","68.291"
"Togekiss","Encore","47.321"
"Togekiss","Dazzling Gleam","13.283"
"Togekiss","Other","4.423"
"Tapu Bulu","Wood Hammer","98.576"
"Tapu Bulu","Superpower","73.780"
"Tapu Bulu","Protect","73.600"
"Tapu Bulu","Horn Leech","45.550"
"Tapu Bulu","Substitute","41.371"
"Tapu Bulu","Disable","26.021"
"Tapu Bulu","Nature's Madness","21.305"
"Tapu Bulu","Dual Chop","6.347"
"Tapu Bulu","Rock Slide","6.076"
"Tapu Bulu","Other","7.375"
"Gothitelle","Trick Room","84.719"
"Gothitelle","Protect","84.535"
"Gothitelle","Taunt","59.980"
"Gothitelle","Heal Pulse","52.371"
"Gothitelle","Helping Hand","49.148"
"Gothitelle","Psychic","15.595"
"Gothitelle","Ally Switch","15.538"
"Gothitelle","Psyshock","11.462"
"Gothitelle","Snatch","10.146"
"Gothitelle","Foul Play","8.482"
"Gothitelle","Other","8.024"
"Raichu","Fake Out","99.999"
"Raichu","Nuzzle","88.170"
"Raichu","Volt Switch","59.937"
"Raichu","Volt Tackle","43.595"
"Raichu","Feint","27.428"
"Raichu","Protect","25.599"
"Raichu","Encore","25.038"
"Raichu","Helping Hand","6.265"
"Raichu","Electroweb","5.991"
"Raichu","Thunder","5.823"
"Raichu","Knock Off","5.702"
"Raichu","Other","6.454"
"Zygarde","Extreme Speed","99.556"
"Zygarde","Thousand Arrows","99.419"
"Zygarde","Protect","78.830"
"Zygarde","Coil","77.689"
"Zygarde","Thousand Waves","21.116"
"Zygarde","Earth Power","19.454"
"Zygarde","Other","3.937"
"Jumpluff","Sleep Powder","99.838"
"Jumpluff","Protect","99.503"
"Jumpluff","Rage Powder","99.345"
"Jumpluff","Encore","95.698"
"Jumpluff","Other","5.616"
"Braviary","Brave Bird","99.999"
"Braviary","Protect","99.945"
"Braviary","Tailwind","99.725"
"Braviary","Superpower","98.643"
"Braviary","Other","1.688"
"Mewtwo-Mega-Y","Psystrike","99.747"
"Mewtwo-Mega-Y","Protect","95.437"
"Mewtwo-Mega-Y","Shadow Ball","74.136"
"Mewtwo-Mega-Y","Aura Sphere","48.030"
"Mewtwo-Mega-Y","Skill Swap","36.606"
"Mewtwo-Mega-Y","Calm Mind","13.218"
"Mewtwo-Mega-Y","Ice Beam","7.284"
"Mewtwo-Mega-Y","Recover","6.661"
"Mewtwo-Mega-Y","Focus Blast","5.752"
"Mewtwo-Mega-Y","Other","13.128"
"Aerodactyl-Mega","Rock Slide","99.096"
"Aerodactyl-Mega","Tailwind","94.391"
"Aerodactyl-Mega","Wide Guard","82.547"
"Aerodactyl-Mega","Iron Head","73.313"
"Aerodactyl-Mega","Sky Drop","18.422"
"Aerodactyl-Mega","Taunt","15.938"
"Aerodactyl-Mega","Crunch","10.449"
"Aerodactyl-Mega","Other","5.844"
"Suicune","Snarl","96.491"
"Suicune","Scald","89.354"
"Suicune","Roar","71.598"
"Suicune","Icy Wind","68.448"
"Suicune","Tailwind","64.452"
"Suicune","Other","9.657"
"Zapdos","Tailwind","98.078"
"Zapdos","Thunderbolt","80.786"
"Zapdos","Protect","44.408"
"Zapdos","Detect","37.990"
"Zapdos","Heat Wave","31.933"
"Zapdos","Hidden Power Water","19.792"
"Zapdos","Thunder","17.593"
"Zapdos","Roar","15.200"
"Zapdos","U-turn","13.824"
"Zapdos","Toxic","12.234"
"Zapdos","Hidden Power Ice","6.956"
"Zapdos","Light Screen","6.644"
"Zapdos","Volt Switch","5.596"
"Zapdos","Other","8.966"
"Weavile","Fake Out","99.550"
"Weavile","Taunt","68.200"
"Weavile","Icicle Crash","65.646"
"Weavile","Knock Off","46.009"
"Weavile","Foul Play","41.547"
"Weavile","Low Kick","21.595"
"Weavile","Feint","17.868"
"Weavile","Ice Punch","12.943"
"Weavile","Other","26.642"
"Kyogre","Water Spout","98.852"
"Kyogre","Ice Beam","92.437"
"Kyogre","Origin Pulse","90.116"
"Kyogre","Scald","82.492"
"Kyogre","Thunder","23.933"
"Kyogre","Icy Wind","6.914"
"Kyogre","Other","5.256"
"Clefairy","Follow Me","99.047"
"Clefairy","Protect","63.896"
"Clefairy","Heal Pulse","62.316"
"Clefairy","Encore","59.201"
"Clefairy","Helping Hand","45.013"
"Clefairy","Light Screen","28.593"
"Clefairy","Icy Wind","22.996"
"Clefairy","After You","9.754"
"Clefairy","Other","9.184"
"Tsareena","Power Whip","97.997"
"Tsareena","Feint","88.775"
"Tsareena","Helping Hand","76.797"
"Tsareena","High Jump Kick","59.928"
"Tsareena","U-turn","26.753"
"Tsareena","Protect","13.201"
"Tsareena","Endeavor","11.912"
"Tsareena","Knock Off","6.809"
"Tsareena","Low Kick","6.466"
"Tsareena","Other","11.361"
"Porygon-Z","Tri Attack","94.703"
"Porygon-Z","Hyper Beam","94.691"
"Porygon-Z","Dark Pulse","92.007"
"Porygon-Z","Protect","65.266"
"Porygon-Z","Trick","31.717"
"Porygon-Z","Ice Beam","5.528"
"Porygon-Z","Other","16.087"
"Volcarona","Rage Powder","97.160"
"Volcarona","Protect","94.655"
"Volcarona","Overheat","93.476"
"Volcarona","Whirlwind","70.405"
"Volcarona","Tailwind","29.503"
"Volcarona","Other","14.801"
"Accelgor","Final Gambit","99.470"
"Accelgor","Acid Spray","97.956"
"Accelgor","Encore","96.662"
"Accelgor","Struggle Bug","65.476"
"Accelgor","Protect","27.090"
"Accelgor","Gastro Acid","7.485"
"Accelgor","Other","5.861"
"Raichu-Alola","Fake Out","98.182"
"Raichu-Alola","Thunderbolt","66.541"
"Raichu-Alola","Psychic","51.884"
"Raichu-Alola","Helping Hand","35.593"
"Raichu-Alola","Electroweb","32.625"
"Raichu-Alola","Encore","32.012"
"Raichu-Alola","Nuzzle","25.446"
"Raichu-Alola","Hidden Power Water","19.251"
"Raichu-Alola","Focus Blast","15.656"
"Raichu-Alola","Volt Switch","8.246"
"Raichu-Alola","Protect","7.218"
"Raichu-Alola","Other","7.346"
"Liepard","Encore","99.405"
"Liepard","Foul Play","66.698"
"Liepard","Fake Out","63.126"
"Liepard","Taunt","51.349"
"Liepard","U-turn","47.624"
"Liepard","Snarl","30.810"
"Liepard","Charm","22.859"
"Liepard","Fake Tears","16.061"
"Liepard","Other","2.069"
"Uxie","Trick Room","99.536"
"Uxie","Foul Play","85.876"
"Uxie","Light Screen","84.703"
"Uxie","Role Play","55.348"
"Uxie","Skill Swap","28.334"
"Uxie","Helping Hand","15.006"
"Uxie","U-turn","14.666"
"Uxie","Psyshock","14.098"
"Uxie","Other","2.434"
"Venusaur-Mega","Sludge Bomb","99.282"
"Venusaur-Mega","Protect","94.128"
"Venusaur-Mega","Grass Knot","89.646"
"Venusaur-Mega","Sleep Powder","58.824"
"Venusaur-Mega","Leech Seed","45.514"
"Venusaur-Mega","Giga Drain","8.828"
"Venusaur-Mega","Other","3.778"
"Ambipom","Fake Out","100.000"
"Ambipom","U-turn","77.152"
"Ambipom","Thunder Punch","29.214"
"Ambipom","Double Hit","28.982"
"Ambipom","Pursuit","17.477"
"Ambipom","Taunt","17.470"
"Ambipom","Gunk Shot","17.193"
"Ambipom","Last Resort","16.106"
"Ambipom","Protect","15.774"
"Ambipom","Tail Slap","14.064"
"Ambipom","Fling","12.264"
"Ambipom","Quick Guard","12.103"
"Ambipom","Knock Off","6.849"
"Ambipom","Return","6.835"
"Ambipom","Revenge","5.465"
"Ambipom","Snatch","5.204"
"Ambipom","Other","17.849"
"Ampharos-Mega","Dragon Pulse","99.956"
"Ampharos-Mega","Protect","85.503"
"Ampharos-Mega","Hidden Power Water","81.147"
"Ampharos-Mega","Thunder","80.645"
"Ampharos-Mega","Thunderbolt","19.056"
"Ampharos-Mega","Hidden Power Fire","10.456"
"Ampharos-Mega","Signal Beam","10.456"
"Ampharos-Mega","Other","12.781"
"Tyranitar-Mega","Protect","99.875"
"Tyranitar-Mega","Crunch","99.849"
"Tyranitar-Mega","Rock Slide","99.777"
"Tyranitar-Mega","Dragon Dance","99.754"
"Tyranitar-Mega","Other","0.744"
"Altaria-Mega","Tailwind","75.991"
"Altaria-Mega","Protect","72.247"
"Altaria-Mega","Hyper Voice","53.087"
"Altaria-Mega","Haze","28.298"
"Altaria-Mega","Return","24.269"
"Altaria-Mega","Giga Impact","23.990"
"Altaria-Mega","Flamethrower","20.535"
"Altaria-Mega","Roost","19.625"
"Altaria-Mega","Fire Blast","10.478"
"Altaria-Mega","Pluck","9.443"
"Altaria-Mega","Cotton Guard","8.239"
"Altaria-Mega","Draco Meteor","7.779"
"Altaria-Mega","Power Swap","7.690"
"Altaria-Mega","Dragon Dance","7.517"
"Altaria-Mega","Perish Song","7.326"
"Altaria-Mega","Wonder Room","6.273"
"Altaria-Mega","Heat Wave","5.443"
"Altaria-Mega","Earthquake","5.210"
"Altaria-Mega","Other","6.559"
"Cresselia","Skill Swap","87.924"
"Cresselia","Trick Room","85.992"
"Cresselia","Helping Hand","48.733"
"Cresselia","Icy Wind","43.443"
"Cresselia","Psyshock","31.744"
"Cresselia","Ally Switch","24.276"
"Cresselia","Ice Beam","20.275"
"Cresselia","Psychic","17.530"
"Cresselia","Moonlight","10.559"
"Cresselia","Safeguard","10.485"
"Cresselia","Light Screen","5.110"
"Cresselia","Protect","5.001"
"Cresselia","Other","8.928"
"Xurkitree","Dazzling Gleam","60.795"
"Xurkitree","Thunderbolt","47.570"
"Xurkitree","Protect","42.518"
"Xurkitree","Discharge","37.515"
"Xurkitree","Volt Switch","28.249"
"Xurkitree","Hypnosis","25.692"
"Xurkitree","Zap Cannon","25.658"
"Xurkitree","Tail Glow","24.528"
"Xurkitree","Hidden Power Ice","20.872"
"Xurkitree","Gravity","20.687"
"Xurkitree","Hidden Power Water","14.926"
"Xurkitree","Thunder","13.360"
"Xurkitree","Grass Knot","11.727"
"Xurkitree","Energy Ball","11.613"
"Xurkitree","Substitute","11.550"
"Xurkitree","Other","2.740"
"Alakazam-Mega","Gravity","96.609"
"Alakazam-Mega","Psychic","96.531"
"Alakazam-Mega","Psychic Terrain","94.046"
"Alakazam-Mega","Protect","92.446"
"Alakazam-Mega","Other","20.368"
"Blaziken","Protect","99.273"
"Blaziken","Superpower","60.449"
"Blaziken","Hidden Power Ice","60.217"
"Blaziken","Overheat","60.194"
"Blaziken","Swords Dance","26.159"
"Blaziken","High Jump Kick","24.124"
"Blaziken","Flare Blitz","23.897"
"Blaziken","Baton Pass","15.342"
"Blaziken","Low Kick","14.449"
"Blaziken","Roar","10.883"
"Blaziken","Other","5.012"
"Diggersby","Foul Play","98.970"
"Diggersby","Stomping Tantrum","94.432"
"Diggersby","U-turn","94.027"
"Diggersby","Gunk Shot","46.501"
"Diggersby","Wild Charge","44.989"
"Diggersby","Ice Punch","8.279"
"Diggersby","Earthquake","5.964"
"Diggersby","Other","6.837"
"Latias-Mega","Tailwind","98.972"
"Latias-Mega","Helping Hand","98.866"
"Latias-Mega","Psychic","90.183"
"Latias-Mega","Heal Pulse","52.883"
"Latias-Mega","Icy Wind","20.532"
"Latias-Mega","Safeguard","12.673"
"Latias-Mega","Psyshock","9.705"
"Latias-Mega","Role Play","8.550"
"Latias-Mega","Other","7.636"
"Exeggutor","Gravity","93.354"
"Exeggutor","Sleep Powder","68.527"
"Exeggutor","Grass Knot","64.386"
"Exeggutor","Trick Room","62.171"
"Exeggutor","Protect","28.506"
"Exeggutor","Wood Hammer","27.410"
"Exeggutor","Hypnosis","27.410"
"Exeggutor","Psychic","12.424"
"Exeggutor","Leaf Storm","5.191"
"Exeggutor","Other","10.621"
"Garchomp","Earthquake","99.554"
"Garchomp","Stomping Tantrum","43.549"
"Garchomp","Dragon Claw","41.153"
"Garchomp","Crunch","37.769"
"Garchomp","Swords Dance","29.509"
"Garchomp","Rock Slide","28.712"
"Garchomp","Dragon Rush","24.228"
"Garchomp","Poison Jab","21.544"
"Garchomp","Fire Fang","19.779"
"Garchomp","Outrage","13.970"
"Garchomp","Iron Tail","13.380"
"Garchomp","Protect","11.003"
"Garchomp","Aqua Tail","5.750"
"Garchomp","Other","10.100"
"Gardevoir-Mega","Protect","97.822"
"Gardevoir-Mega","Hyper Voice","97.810"
"Gardevoir-Mega","Trick Room","91.129"
"Gardevoir-Mega","Psychic","35.840"
"Gardevoir-Mega","Helping Hand","28.346"
"Gardevoir-Mega","Psyshock","17.188"
"Gardevoir-Mega","Hidden Power Water","8.379"
"Gardevoir-Mega","Other","23.488"
"Vivillon","Sleep Powder","94.706"
"Vivillon","Hurricane","78.541"
"Vivillon","Protect","78.416"
"Vivillon","Rage Powder","57.837"
"Vivillon","Tailwind","53.689"
"Vivillon","Struggle Bug","20.289"
"Vivillon","Safeguard","5.294"
"Vivillon","Other","11.228"
"Scrafty","Fake Out","99.916"
"Scrafty","Snarl","81.723"
"Scrafty","Low Kick","77.778"
"Scrafty","Super Fang","67.484"
"Scrafty","Foul Play","21.572"
"Scrafty","High Jump Kick","16.361"
"Scrafty","Crunch","10.558"
"Scrafty","Knock Off","7.849"
"Scrafty","Drain Punch","5.923"
"Scrafty","Other","10.836"
"Milotic","Scald","98.933"
"Milotic","Icy Wind","96.029"
"Milotic","Haze","68.978"
"Milotic","Light Screen","55.302"
"Milotic","Protect","42.250"
"Milotic","Ice Beam","24.141"
"Milotic","Recover","11.191"
"Milotic","Other","3.177"
"Aerodactyl","Tailwind","81.612"
"Aerodactyl","Wide Guard","74.422"
"Aerodactyl","Smack Down","70.671"
"Aerodactyl","Rock Slide","62.437"
"Aerodactyl","Taunt","41.244"
"Aerodactyl","Whirlwind","19.672"
"Aerodactyl","Earthquake","18.202"
"Aerodactyl","Ice Fang","18.141"
"Aerodactyl","Protect","5.883"
"Aerodactyl","Sky Drop","5.212"
"Aerodactyl","Other","2.504"
"Lilligant","Sleep Powder","98.799"
"Lilligant","After You","95.736"
"Lilligant","Protect","84.477"
"Lilligant","Leaf Storm","55.206"
"Lilligant","Grass Knot","24.487"
"Lilligant","Encore","17.166"
"Lilligant","Helping Hand","11.654"
"Lilligant","Energy Ball","7.238"
"Lilligant","Other","5.237"
"Lapras","Freeze-Dry","98.644"
"Lapras","Hydro Pump","95.955"
"Lapras","Ice Shard","63.088"
"Lapras","Icy Wind","42.942"
"Lapras","Protect","36.211"
"Lapras","Perish Song","33.128"
"Lapras","Sheer Cold","21.377"
"Lapras","Other","8.656"
"Bisharp","Iron Head","98.948"
"Bisharp","Sucker Punch","95.632"
"Bisharp","Low Kick","71.210"
"Bisharp","Protect","42.803"
"Bisharp","Knock Off","37.530"
"Bisharp","Assurance","25.818"
"Bisharp","Quick Guard","12.750"
"Bisharp","Throat Chop","7.856"
"Bisharp","Other","7.452"
"Krookodile","Earthquake","99.049"
"Krookodile","Protect","94.684"
"Krookodile","Knock Off","71.491"
"Krookodile","Fire Fang","37.148"
"Krookodile","Crunch","26.081"
"Krookodile","Taunt","19.647"
"Krookodile","Bulldoze","17.615"
"Krookodile","Stone Edge","10.657"
"Krookodile","Rock Slide","5.363"
"Krookodile","Other","18.263"
"Lucario","Aura Sphere","82.345"
"Lucario","Follow Me","74.857"
"Lucario","Protect","73.079"
"Lucario","Meteor Mash","72.426"
"Lucario","Dark Pulse","15.583"
"Lucario","Role Play","14.903"
"Lucario","Close Combat","12.390"
"Lucario","Flash Cannon","12.378"
"Lucario","Final Gambit","11.827"
"Lucario","Other","30.212"
"Groudon","Precipice Blades","99.986"
"Groudon","Stomping Tantrum","96.646"
"Groudon","Rock Slide","84.670"
"Groudon","Dragon Claw","81.533"
"Groudon","Fire Punch","15.882"
"Groudon","Stone Edge","14.653"
"Groudon","Other","6.630"
"Blaziken-Mega","Protect","98.502"
"Blaziken-Mega","Flare Blitz","98.305"
"Blaziken-Mega","Swords Dance","92.203"
"Blaziken-Mega","Superpower","86.525"
"Blaziken-Mega","High Jump Kick","7.130"
"Blaziken-Mega","Low Kick","6.233"
"Blaziken-Mega","Other","11.102"
"Chandelure","Shadow Ball","99.947"
"Chandelure","Fire Blast","65.521"
"Chandelure","Trick Room","64.460"
"Chandelure","Ally Switch","64.383"
"Chandelure","Clear Smog","20.857"
"Chandelure","Overheat","19.999"
"Chandelure","Endure","19.042"
"Chandelure","Heat Wave","14.192"
"Chandelure","Substitute","13.441"
"Chandelure","Calm Mind","13.440"
"Chandelure","Other","4.720"
"Aggron","Heavy Slam","97.526"
"Aggron","Rock Slide","95.888"
"Aggron","Endeavor","93.973"
"Aggron","Icy Wind","93.927"
"Aggron","Other","18.686"
"Serperior","Glare","88.037"
"Serperior","Leaf Storm","75.082"
"Serperior","Taunt","70.803"
"Serperior","Protect","62.427"
"Serperior","Aqua Tail","26.115"
"Serperior","Leaf Blade","24.911"
"Serperior","Dragon Pulse","17.332"
"Serperior","Giga Drain","8.279"
"Serperior","Synthesis","5.282"
"Serperior","Other","21.733"
"Arcanine","Flare Blitz","88.513"
"Arcanine","Extreme Speed","61.966"
"Arcanine","Wild Charge","50.012"
"Arcanine","Close Combat","48.906"
"Arcanine","Protect","42.050"
"Arcanine","Helping Hand","32.058"
"Arcanine","Snarl","24.048"
"Arcanine","Bulldoze","15.594"
"Arcanine","Will-O-Wisp","13.981"
"Arcanine","Morning Sun","12.779"
"Arcanine","Other","10.093"
"Oranguru","Trick Room","98.528"
"Oranguru","Instruct","98.119"
"Oranguru","Protect","80.945"
"Oranguru","Psychic","73.302"
"Oranguru","Gravity","12.956"
"Oranguru","Foul Play","11.622"
"Oranguru","Psyshock","8.816"
"Oranguru","Ally Switch","7.413"
"Oranguru","Other","8.298"
"Venusaur","Protect","98.790"
"Venusaur","Sleep Powder","97.275"
"Venusaur","Sludge Bomb","87.554"
"Venusaur","Leaf Storm","56.041"
"Venusaur","Grass Knot","40.988"
"Venusaur","Hidden Power Ice","12.240"
"Venusaur","Other","7.112"
"Heliolisk","Thunder","72.636"
"Heliolisk","Surf","55.427"
"Heliolisk","Electrify","52.935"
"Heliolisk","Substitute","50.807"
"Heliolisk","Hyper Voice","42.634"
"Heliolisk","Volt Switch","25.529"
"Heliolisk","Protect","24.081"
"Heliolisk","Glare","19.453"
"Heliolisk","Signal Beam","17.967"
"Heliolisk","Quick Attack","17.853"
"Heliolisk","Grass Knot","5.624"
"Heliolisk","Other","15.054"
"Beedrill-Mega","Poison Jab","99.991"
"Beedrill-Mega","U-turn","96.112"
"Beedrill-Mega","Protect","89.641"
"Beedrill-Mega","Tailwind","82.093"
"Beedrill-Mega","X-Scissor","11.929"
"Beedrill-Mega","Drill Run","7.109"
"Beedrill-Mega","Knock Off","6.994"
"Beedrill-Mega","Other","6.130"
"Swampert-Mega","Waterfall","92.976"
"Swampert-Mega","Ice Punch","80.973"
"Swampert-Mega","Earthquake","73.894"
"Swampert-Mega","Protect","67.784"
"Swampert-Mega","Stomping Tantrum","24.193"
"Swampert-Mega","Wide Guard","20.817"
"Swampert-Mega","Rock Slide","14.303"
"Swampert-Mega","Aqua Tail","5.145"
"Swampert-Mega","Other","19.915"
"Giratina","Shadow Ball","70.135"
"Giratina","Tailwind","59.575"
"Giratina","Icy Wind","49.132"
"Giratina","Earth Power","46.037"
"Giratina","Gravity","37.608"
"Giratina","Dragon Pulse","37.298"
"Giratina","Protect","25.963"
"Giratina","Draco Meteor","24.054"
"Giratina","Roar","20.823"
"Giratina","Thunderbolt","12.368"
"Giratina","Other","17.007"
"Palkia","Earth Power","85.214"
"Palkia","Hydro Pump","70.539"
"Palkia","Trick Room","67.784"
"Palkia","Thunderbolt","62.901"
"Palkia","Spacial Rend","44.255"
"Palkia","Thunder","22.876"
"Palkia","Flamethrower","20.656"
"Palkia","Protect","14.631"
"Palkia","Aura Sphere","6.785"
"Palkia","Other","4.358"
"Araquanid","Liquidation","92.728"
"Araquanid","Wide Guard","86.667"
"Araquanid","Icy Wind","54.232"
"Araquanid","Entrainment","53.032"
"Araquanid","Protect","35.172"
"Araquanid","Substitute","20.155"
"Araquanid","Leech Life","13.696"
"Araquanid","Sticky Web","8.054"
"Araquanid","Scald","7.236"
"Araquanid","Poison Jab","6.258"
"Araquanid","Magic Coat","5.571"
"Araquanid","Other","17.199"
"Sharpedo-Mega","Protect","99.895"
"Sharpedo-Mega","Crunch","99.889"
"Sharpedo-Mega","Psychic Fangs","96.196"
"Sharpedo-Mega","Waterfall","76.388"
"Sharpedo-Mega","Ice Fang","19.862"
"Sharpedo-Mega","Other","7.771"
"Cloyster","Icicle Spear","99.974"
"Cloyster","Protect","89.145"
"Cloyster","Rock Blast","62.807"
"Cloyster","Ice Shard","56.502"
"Cloyster","Shell Smash","43.654"
"Cloyster","Hydro Pump","27.031"
"Cloyster","Avalanche","9.471"
"Cloyster","Icicle Crash","9.460"
"Cloyster","Other","1.955"
"Reuniclus","Trick Room","99.787"
"Reuniclus","Psychic","95.830"
"Reuniclus","Skill Swap","94.568"
"Reuniclus","Focus Blast","67.136"
"Reuniclus","Protect","28.736"
"Reuniclus","Other","13.943"
"Slowbro","Trick Room","99.875"
"Slowbro","Scald","99.015"
"Slowbro","Protect","98.433"
"Slowbro","Heal Pulse","98.394"
"Slowbro","Other","4.282"
"Gyarados-Mega","Crunch","99.642"
"Gyarados-Mega","Waterfall","91.576"
"Gyarados-Mega","Dragon Dance","85.857"
"Gyarados-Mega","Protect","68.112"
"Gyarados-Mega","Taunt","27.654"
"Gyarados-Mega","Earthquake","9.991"
"Gyarados-Mega","Thunder Wave","7.939"
"Gyarados-Mega","Icy Wind","5.873"
"Gyarados-Mega","Other","3.356"
"Raikou","Thunderbolt","96.055"
"Raikou","Protect","95.045"
"Raikou","Snarl","93.296"
"Raikou","Reflect","47.889"
"Raikou","Volt Switch","44.274"
"Raikou","Hidden Power Ice","5.713"
"Raikou","Hidden Power Water","5.091"
"Raikou","Other","12.636"
"Greninja","Dark Pulse","68.533"
"Greninja","Ice Beam","59.705"
"Greninja","Gunk Shot","52.793"
"Greninja","Mat Block","43.155"
"Greninja","Protect","37.886"
"Greninja","Hydro Pump","30.044"
"Greninja","Grass Knot","18.087"
"Greninja","Low Kick","14.183"
"Greninja","Hydro Cannon","14.056"
"Greninja","Ice Punch","14.040"
"Greninja","Scald","11.546"
"Greninja","U-turn","9.679"
"Greninja","Hidden Power Fire","7.623"
"Greninja","Other","18.670"
"Wigglytuff","Dazzling Gleam","99.872"
"Wigglytuff","Water Pulse","96.194"
"Wigglytuff","Hyper Voice","96.194"
"Wigglytuff","Focus Blast","96.194"
"Wigglytuff","Other","11.544"
"Porygon2","Trick Room","97.810"
"Porygon2","Shadow Ball","69.123"
"Porygon2","Gravity","69.024"
"Porygon2","Icy Wind","48.993"
"Porygon2","Ice Beam","35.539"
"Porygon2","Recover","29.352"
"Porygon2","Return","20.353"
"Porygon2","Foul Play","11.532"
"Porygon2","Protect","6.213"
"Porygon2","Other","12.061"
"Guzzlord","Dark Pulse","99.752"
"Guzzlord","Draco Meteor","99.546"
"Guzzlord","Wide Guard","94.275"
"Guzzlord","Snarl","57.985"
"Guzzlord","Protect","36.490"
"Guzzlord","Sludge Bomb","5.711"
"Guzzlord","Fire Blast","5.505"
"Guzzlord","Other","0.736"
"Infernape","Fake Out","99.265"
"Infernape","Close Combat","79.883"
"Infernape","Overheat","72.678"
"Infernape","Encore","58.198"
"Infernape","Flare Blitz","22.124"
"Infernape","Quick Guard","19.183"
"Infernape","Focus Blast","16.835"
"Infernape","Taunt","11.685"
"Infernape","Other","20.150"
"Kyurem-Black","Fusion Bolt","99.667"
"Kyurem-Black","Ice Beam","69.967"
"Kyurem-Black","Protect","54.064"
"Kyurem-Black","Earth Power","50.106"
"Kyurem-Black","Freeze Shock","41.574"
"Kyurem-Black","Icy Wind","39.455"
"Kyurem-Black","Rock Slide","16.362"
"Kyurem-Black","Iron Head","15.792"
"Kyurem-Black","Dragon Claw","12.211"
"Kyurem-Black","Other","0.801"
"Lurantis","Superpower","99.981"
"Lurantis","Leaf Blade","99.810"
"Lurantis","Poison Jab","72.668"
"Lurantis","Protect","59.499"
"Lurantis","Knock Off","36.193"
"Lurantis","Solar Blade","10.681"
"Lurantis","Aromatherapy","9.355"
"Lurantis","Payback","8.937"
"Lurantis","Other","2.875"
"Mismagius","Shadow Ball","94.283"
"Mismagius","Memento","92.649"
"Mismagius","Magic Room","83.871"
"Mismagius","Trick","59.070"
"Mismagius","Taunt","34.005"
"Mismagius","Skill Swap","8.793"
"Mismagius","Dazzling Gleam","6.337"
"Mismagius","Energy Ball","6.336"
"Mismagius","Hex","5.705"
"Mismagius","Dark Pulse","5.320"
"Mismagius","Other","3.631"
"Nidoking","Earth Power","94.382"
"Nidoking","Ice Beam","82.603"
"Nidoking","Sludge Bomb","82.036"
"Nidoking","Protect","70.204"
"Nidoking","Thunderbolt","22.901"
"Nidoking","Sludge Wave","11.612"
"Nidoking","Thunder","8.337"
"Nidoking","Poison Jab","7.459"
"Nidoking","Flamethrower","6.204"
"Nidoking","Earthquake","5.537"
"Nidoking","Other","8.725"
"Metagross","Iron Head","92.104"
"Metagross","Stomping Tantrum","74.396"
"Metagross","Protect","66.064"
"Metagross","Bullet Punch","45.612"
"Metagross","Substitute","44.196"
"Metagross","Hammer Arm","19.408"
"Metagross","Zen Headbutt","19.386"
"Metagross","Ice Punch","19.290"
"Metagross","Ally Switch","7.756"
"Metagross","Meteor Mash","7.549"
"Metagross","Other","4.240"
"Pinsir-Mega","Swords Dance","99.951"
"Pinsir-Mega","Protect","98.479"
"Pinsir-Mega","Feint","88.585"
"Pinsir-Mega","Thrash","69.586"
"Pinsir-Mega","Return","25.539"
"Pinsir-Mega","Rock Slide","6.382"
"Pinsir-Mega","Other","11.479"
"Hawlucha","Protect","97.297"
"Hawlucha","High Jump Kick","95.641"
"Hawlucha","Encore","83.090"
"Hawlucha","Fling","60.067"
"Hawlucha","Acrobatics","39.686"
"Hawlucha","Tailwind","10.183"
"Hawlucha","Other","14.036"
"Seismitoad","Earth Power","99.915"
"Seismitoad","Icy Wind","92.733"
"Seismitoad","Protect","92.088"
"Seismitoad","Muddy Water","83.171"
"Seismitoad","Hydro Pump","6.374"
"Seismitoad","Scald","6.157"
"Seismitoad","Other","19.562"
"Virizion","Protect","99.840"
"Virizion","Leaf Blade","99.387"
"Virizion","Close Combat","98.759"
"Virizion","Taunt","98.556"
"Virizion","Other","3.458"
"Blacephalon","Shadow Ball","99.889"
"Blacephalon","Protect","92.568"
"Blacephalon","Heat Wave","46.247"
"Blacephalon","Flamethrower","45.215"
"Blacephalon","Will-O-Wisp","35.747"
"Blacephalon","Foul Play","32.572"
"Blacephalon","Mind Blown","14.852"
"Blacephalon","Overheat","14.014"
"Blacephalon","Trick","5.842"
"Blacephalon","Other","13.054"
"Golduck","Ice Beam","98.390"
"Golduck","Scald","95.318"
"Golduck","Clear Smog","73.087"
"Golduck","Hydro Pump","54.091"
"Golduck","Protect","33.193"
"Golduck","Encore","17.848"
"Golduck","Light Screen","5.910"
"Golduck","Soak","5.035"
"Golduck","Other","17.128"
"Rotom-Wash","Hydro Pump","97.779"
"Rotom-Wash","Protect","50.151"
"Rotom-Wash","Thunderbolt","43.869"
"Rotom-Wash","Will-O-Wisp","37.592"
"Rotom-Wash","Volt Switch","32.577"
"Rotom-Wash","Light Screen","29.966"
"Rotom-Wash","Thunder","18.112"
"Rotom-Wash","Electroweb","17.609"
"Rotom-Wash","Pain Split","13.394"
"Rotom-Wash","Discharge","11.226"
"Rotom-Wash","Dark Pulse","10.152"
"Rotom-Wash","Foul Play","9.511"
"Rotom-Wash","Hidden Power Ice","8.319"
"Rotom-Wash","Other","19.742"
"Scizor-Mega","Bullet Punch","99.974"
"Scizor-Mega","Protect","81.382"
"Scizor-Mega","Swords Dance","76.181"
"Scizor-Mega","Bug Bite","70.239"
"Scizor-Mega","U-turn","21.101"
"Scizor-Mega","Tailwind","19.967"
"Scizor-Mega","Superpower","12.930"
"Scizor-Mega","Other","18.224"
"Pelipper","Hurricane","98.970"
"Pelipper","Protect","93.743"
"Pelipper","Tailwind","92.802"
"Pelipper","Surf","56.461"
"Pelipper","Scald","36.713"
"Pelipper","U-turn","6.333"
"Pelipper","Hydro Pump","6.044"
"Pelipper","Knock Off","5.200"
"Pelipper","Other","3.734"
"Toxicroak","Fake Out","98.241"
"Toxicroak","Low Kick","78.191"
"Toxicroak","Gunk Shot","56.315"
"Toxicroak","Poison Jab","43.566"
"Toxicroak","Bullet Punch","28.096"
"Toxicroak","Drain Punch","24.045"
"Toxicroak","Feint","23.433"
"Toxicroak","Helping Hand","17.682"
"Toxicroak","Sucker Punch","17.325"
"Toxicroak","Knock Off","5.051"
"Toxicroak","Other","8.054"
"Drampa","Ice Beam","59.860"
"Drampa","Hyper Voice","53.525"
"Drampa","Flamethrower","53.385"
"Drampa","Draco Meteor","47.818"
"Drampa","Protect","38.220"
"Drampa","Shadow Ball","28.253"
"Drampa","Surf","24.951"
"Drampa","Water Pulse","20.528"
"Drampa","Tailwind","17.956"
"Drampa","Glare","13.905"
"Drampa","Helping Hand","13.393"
"Drampa","Light Screen","7.814"
"Drampa","Other","20.393"
"Zekrom","Dragon Claw","79.934"
"Zekrom","Bolt Strike","69.492"
"Zekrom","Protect","60.311"
"Zekrom","Fusion Bolt","56.838"
"Zekrom","Tailwind","40.053"
"Zekrom","Earth Power","34.972"
"Zekrom","Volt Switch","17.804"
"Zekrom","Crunch","11.614"
"Zekrom","Draco Meteor","11.512"
"Zekrom","Hidden Power Water","7.459"
"Zekrom","Other","10.011"
"Gyarados","Waterfall","93.331"
"Gyarados","Taunt","66.100"
"Gyarados","Icy Wind","66.081"
"Gyarados","Roar","59.166"
"Gyarados","Protect","31.339"
"Gyarados","Thunder Wave","13.958"
"Gyarados","Ice Fang","11.516"
"Gyarados","Bounce","9.963"
"Gyarados","Dragon Dance","9.952"
"Gyarados","Fire Blast","6.533"
"Gyarados","Thunder","6.533"
"Gyarados","Surf","6.433"
"Gyarados","Blizzard","6.433"
"Gyarados","Other","12.664"
"Excadrill","Iron Head","99.974"
"Excadrill","Protect","95.800"
"Excadrill","Earthquake","88.299"
"Excadrill","Swords Dance","63.100"
"Excadrill","Rock Slide","17.689"
"Excadrill","Drill Run","11.808"
"Excadrill","Fissure","8.490"
"Excadrill","Rock Tomb","5.963"
"Excadrill","Other","8.876"
"Staraptor","Brave Bird","96.117"
"Staraptor","Close Combat","85.092"
"Staraptor","U-turn","66.952"
"Staraptor","Final Gambit","48.629"
"Staraptor","Protect","46.089"
"Staraptor","Tailwind","35.451"
"Staraptor","Heat Wave","10.961"
"Staraptor","Defog","5.177"
"Staraptor","Other","5.532"
"Audino-Mega","Heal Pulse","94.893"
"Audino-Mega","Trick Room","93.974"
"Audino-Mega","Ally Switch","83.897"
"Audino-Mega","Safeguard","83.460"
"Audino-Mega","Skill Swap","10.076"
"Audino-Mega","Knock Off","8.623"
"Audino-Mega","Protect","6.728"
"Audino-Mega","Helping Hand","5.355"
"Audino-Mega","Other","12.995"
"Pheromosa","Protect","64.788"
"Pheromosa","Poison Jab","62.822"
"Pheromosa","High Jump Kick","58.711"
"Pheromosa","Ice Beam","58.607"
"Pheromosa","U-turn","44.506"
"Pheromosa","Foul Play","26.628"
"Pheromosa","Taunt","21.034"
"Pheromosa","Double Kick","19.345"
"Pheromosa","Focus Blast","13.336"
"Pheromosa","Feint","12.480"
"Pheromosa","Low Kick","7.277"
"Pheromosa","Other","10.466"
"Ribombee","Moonblast","98.968"
"Ribombee","Skill Swap","97.083"
"Ribombee","Tailwind","93.155"
"Ribombee","Pollen Puff","58.530"
"Ribombee","Protect","21.693"
"Ribombee","Energy Ball","11.808"
"Ribombee","After You","6.647"
"Ribombee","Helping Hand","5.111"
"Ribombee","Other","7.005"
"Kyurem-White","Earth Power","82.937"
"Kyurem-White","Fusion Flare","69.647"
"Kyurem-White","Blizzard","65.447"
"Kyurem-White","Ice Beam","53.562"
"Kyurem-White","Protect","52.772"
"Kyurem-White","Draco Meteor","30.314"
"Kyurem-White","Dragon Pulse","10.321"
"Kyurem-White","Icy Wind","9.689"
"Kyurem-White","Ice Burn","8.096"
"Kyurem-White","Substitute","7.013"
"Kyurem-White","Other","10.201"
"Terrakion","Rock Slide","99.679"
"Terrakion","Protect","97.754"
"Terrakion","Close Combat","96.840"
"Terrakion","Quick Guard","53.655"
"Terrakion","Earthquake","25.384"
"Terrakion","Stone Edge","15.894"
"Terrakion","Other","10.794"
"Medicham-Mega","Fake Out","99.964"
"Medicham-Mega","High Jump Kick","99.396"
"Medicham-Mega","Poison Jab","93.888"
"Medicham-Mega","Bullet Punch","92.410"
"Medicham-Mega","Other","14.341"
"Breloom","Spore","99.984"
"Breloom","Bullet Seed","99.674"
"Breloom","Superpower","87.054"
"Breloom","Helping Hand","69.108"
"Breloom","Protect","25.237"
"Breloom","Mach Punch","6.619"
"Breloom","Other","12.325"
"Drifblim","Tailwind","99.542"
"Drifblim","Shadow Ball","98.242"
"Drifblim","Hypnosis","69.140"
"Drifblim","Clear Smog","64.512"
"Drifblim","Will-O-Wisp","18.442"
"Drifblim","Thief","13.097"
"Drifblim","Haze","10.651"
"Drifblim","Protect","9.800"
"Drifblim","Other","16.574"
"Mewtwo","Psystrike","99.589"
"Mewtwo","Protect","97.599"
"Mewtwo","Shadow Ball","73.355"
"Mewtwo","Future Sight","29.360"
"Mewtwo","Aura Sphere","28.303"
"Mewtwo","Skill Swap","26.271"
"Mewtwo","Snatch","12.818"
"Mewtwo","Gravity","9.631"
"Mewtwo","Focus Blast","8.179"
"Mewtwo","Ice Beam","5.039"
"Mewtwo","Other","9.856"
"Mewtwo-Mega-X","Protect","89.237"
"Mewtwo-Mega-X","Low Kick","84.975"
"Mewtwo-Mega-X","Poison Jab","77.085"
"Mewtwo-Mega-X","Ice Punch","71.204"
"Mewtwo-Mega-X","Psycho Cut","14.239"
"Mewtwo-Mega-X","Earthquake","13.339"
"Mewtwo-Mega-X","Drain Punch","8.130"
"Mewtwo-Mega-X","Zen Headbutt","7.836"
"Mewtwo-Mega-X","Psystrike","5.722"
"Mewtwo-Mega-X","Aura Sphere","5.562"
"Mewtwo-Mega-X","Rock Slide","5.289"
"Mewtwo-Mega-X","Other","17.381"
"Giratina-Origin","Protect","81.775"
"Giratina-Origin","Shadow Force","75.723"
"Giratina-Origin","Shadow Sneak","64.173"
"Giratina-Origin","Dragon Claw","44.721"
"Giratina-Origin","Draco Meteor","29.157"
"Giratina-Origin","Tailwind","28.201"
"Giratina-Origin","Shadow Ball","23.450"
"Giratina-Origin","Calm Mind","10.426"
"Giratina-Origin","Aura Sphere","9.759"
"Giratina-Origin","Iron Head","6.176"
"Giratina-Origin","Roar","6.161"
"Giratina-Origin","Gravity","5.953"
"Giratina-Origin","Other","14.327"
"Banette-Mega","Taunt","98.945"
"Banette-Mega","Will-O-Wisp","98.471"
"Banette-Mega","Shadow Sneak","96.710"
"Banette-Mega","Skill Swap","96.098"
"Banette-Mega","Other","9.777"
"Charizard-Mega-Y","Protect","93.549"
"Charizard-Mega-Y","Tailwind","75.140"
"Charizard-Mega-Y","Heat Wave","61.676"
"Charizard-Mega-Y","Overheat","45.095"
"Charizard-Mega-Y","Hidden Power Water","33.397"
"Charizard-Mega-Y","Dragon Pulse","31.656"
"Charizard-Mega-Y","Solar Beam","24.123"
"Charizard-Mega-Y","Air Slash","21.306"
"Charizard-Mega-Y","Other","14.058"
"Tentacruel","Sludge Bomb","98.939"
"Tentacruel","Protect","98.628"
"Tentacruel","Haze","93.606"
"Tentacruel","Hydro Pump","88.817"
"Tentacruel","Scald","10.725"
"Tentacruel","Other","9.285"
"Lickilicky","Explosion","92.852"
"Lickilicky","Aqua Tail","84.938"
"Lickilicky","Power Whip","84.013"
"Lickilicky","Fire Punch","81.219"
"Lickilicky","Flamethrower","11.917"
"Lickilicky","Icy Wind","11.915"
"Lickilicky","Thunderbolt","11.915"
"Lickilicky","Gyro Ball","5.312"
"Lickilicky","Other","15.918"
"Thundurus","Thunderbolt","96.861"
"Thundurus","Thunder Wave","77.370"
"Thundurus","Protect","74.294"
"Thundurus","Foul Play","58.387"
"Thundurus","Taunt","37.365"
"Thundurus","Hidden Power Water","16.928"
"Thundurus","Hidden Power Ice","14.735"
"Thundurus","Sky Drop","7.979"
"Thundurus","Other","16.080"
"Sableye","Fake Out","67.575"
"Sableye","Gravity","65.615"
"Sableye","Foul Play","62.744"
"Sableye","Quash","58.273"
"Sableye","Snarl","30.802"
"Sableye","Will-O-Wisp","23.325"
"Sableye","Swagger","21.671"
"Sableye","Metal Burst","20.901"
"Sableye","Ally Switch","19.733"
"Sableye","Taunt","15.290"
"Sableye","Other","14.070"
"Parasect","Spore","99.679"
"Parasect","Wide Guard","91.559"
"Parasect","Rage Powder","64.645"
"Parasect","Seed Bomb","41.166"
"Parasect","Grass Knot","40.820"
"Parasect","Toxic","35.221"
"Parasect","Protect","16.947"
"Parasect","Leech Life","8.235"
"Parasect","Other","1.727"
"Ho-Oh","Sacred Fire","97.842"
"Ho-Oh","Brave Bird","96.653"
"Ho-Oh","Tailwind","66.471"
"Ho-Oh","Protect","55.497"
"Ho-Oh","Recover","32.221"
"Ho-Oh","Weather Ball","18.743"
"Ho-Oh","Whirlwind","14.564"
"Ho-Oh","Other","18.008"
"Talonflame","Brave Bird","99.859"
"Talonflame","Tailwind","92.254"
"Talonflame","Quick Guard","76.084"
"Talonflame","Taunt","51.751"
"Talonflame","Flare Blitz","42.340"
"Talonflame","Swords Dance","11.636"
"Talonflame","Protect","10.261"
"Talonflame","Overheat","5.783"
"Talonflame","Other","10.032"
"Scizor","Bullet Punch","99.973"
"Scizor","U-turn","76.543"
"Scizor","Iron Head","75.408"
"Scizor","Superpower","40.232"
"Scizor","Brick Break","36.323"
"Scizor","Protect","24.340"
"Scizor","Swords Dance","16.170"
"Scizor","Feint","13.841"
"Scizor","Bug Bite","9.689"
"Scizor","Tailwind","6.132"
"Scizor","Other","1.349"
"Sceptile-Mega","Dragon Pulse","95.560"
"Sceptile-Mega","Leaf Storm","60.725"
"Sceptile-Mega","Protect","59.373"
"Sceptile-Mega","Quick Guard","56.815"
"Sceptile-Mega","Grass Knot","38.603"
"Sceptile-Mega","Detect","24.770"
"Sceptile-Mega","Energy Ball","20.255"
"Sceptile-Mega","Roar","13.687"
"Sceptile-Mega","Hidden Power Water","7.839"
"Sceptile-Mega","Other","22.374"
"Dialga","Trick Room","87.812"
"Dialga","Flash Cannon","80.411"
"Dialga","Protect","60.947"
"Dialga","Thunder","44.084"
"Dialga","Earth Power","41.606"
"Dialga","Dragon Pulse","31.796"
"Dialga","Thunderbolt","18.882"
"Dialga","Draco Meteor","14.065"
"Dialga","Flamethrower","5.430"
"Dialga","Other","14.968"
"Aegislash","King's Shield","99.837"
"Aegislash","Shadow Sneak","70.427"
"Aegislash","Gyro Ball","55.328"
"Aegislash","Sacred Sword","52.648"
"Aegislash","Wide Guard","36.482"
"Aegislash","Iron Head","32.397"
"Aegislash","Shadow Ball","28.011"
"Aegislash","Flash Cannon","7.929"
"Aegislash","Substitute","6.181"
"Aegislash","Shadow Claw","5.085"
"Aegislash","Other","5.675"
"Floatzel","Protect","99.997"
"Floatzel","Soak","99.994"
"Floatzel","Taunt","99.994"
"Floatzel","Liquidation","97.835"
"Floatzel","Other","2.179"
"Electrode","Discharge","99.158"
"Electrode","Taunt","81.205"
"Electrode","Foul Play","77.838"
"Electrode","Protect","52.516"
"Electrode","Volt Switch","45.033"
"Electrode","Hidden Power Ice","21.503"
"Electrode","Eerie Impulse","19.227"
"Electrode","Other","3.520"
"Thundurus-Therian","Thunderbolt","93.483"
"Thundurus-Therian","Protect","88.780"
"Thundurus-Therian","Volt Switch","54.940"
"Thundurus-Therian","Electroweb","54.360"
"Thundurus-Therian","Hidden Power Water","37.784"
"Thundurus-Therian","Dark Pulse","34.231"
"Thundurus-Therian","Sludge Bomb","10.325"
"Thundurus-Therian","Foul Play","5.242"
"Thundurus-Therian","Thunder Wave","5.146"
"Thundurus-Therian","Thunder","5.092"
"Thundurus-Therian","Other","10.616"
"Tyranitar","Rock Slide","88.820"
"Tyranitar","Protect","86.256"
"Tyranitar","Foul Play","79.661"
"Tyranitar","Thunder Wave","79.546"
"Tyranitar","Crunch","19.558"
"Tyranitar","Dragon Dance","12.722"
"Tyranitar","Stone Edge","9.925"
"Tyranitar","Earthquake","6.977"
"Tyranitar","Other","16.534"
"Bruxish","Snatch","93.887"
"Bruxish","Taunt","79.955"
"Bruxish","Ally Switch","65.498"
"Bruxish","Scald","52.801"
"Bruxish","Liquidation","42.696"
"Bruxish","Psychic Fangs","18.404"
"Bruxish","Trick Room","16.042"
"Bruxish","Ice Fang","15.740"
"Bruxish","Other","14.977"
"Empoleon","Steel Wing","98.995"
"Empoleon","Protect","98.476"
"Empoleon","Liquidation","80.456"
"Empoleon","Aqua Jet","75.083"
"Empoleon","Icy Wind","18.503"
"Empoleon","Waterfall","17.590"
"Empoleon","Roar","6.563"
"Empoleon","Other","4.335"
"Pikachu","Fake Out","99.943"
"Pikachu","Volt Tackle","99.835"
"Pikachu","Encore","72.953"
"Pikachu","Helping Hand","71.666"
"Pikachu","Protect","22.755"
"Pikachu","Hidden Power Water","15.847"
"Pikachu","Feint","10.078"
"Pikachu","Other","6.924"
"Salazzle","Fake Out","99.883"
"Salazzle","Sludge Bomb","99.768"
"Salazzle","Overheat","94.755"
"Salazzle","Fling","49.973"
"Salazzle","Encore","32.596"
"Salazzle","Toxic","7.745"
"Salazzle","Taunt","7.419"
"Salazzle","Other","7.861"
"Reshiram","Protect","56.975"
"Reshiram","Earth Power","56.062"
"Reshiram","Blue Flare","49.575"
"Reshiram","Tailwind","49.163"
"Reshiram","Dragon Pulse","34.484"
"Reshiram","Fusion Flare","28.278"
"Reshiram","Overheat","22.808"
"Reshiram","Draco Meteor","21.819"
"Reshiram","Ancient Power","20.519"
"Reshiram","Roost","18.188"
"Reshiram","Hidden Power Ice","17.536"
"Reshiram","Focus Blast","16.989"
"Reshiram","Heat Wave","7.292"
"Reshiram","Other","0.312"
"Shuckle","Protect","99.602"
"Shuckle","Guard Split","97.791"
"Shuckle","Power Split","97.767"
"Shuckle","Final Gambit","57.197"
"Shuckle","Toxic","37.439"
"Shuckle","Other","10.205"
"Muk-Alola","Shadow Sneak","95.800"
"Muk-Alola","Snarl","95.453"
"Muk-Alola","Protect","87.860"
"Muk-Alola","Gunk Shot","85.318"
"Muk-Alola","Knock Off","14.746"
"Muk-Alola","Poison Jab","14.251"
"Muk-Alola","Other","6.572"
"Clefable","Follow Me","96.343"
"Clefable","Moonblast","71.507"
"Clefable","Encore","66.674"
"Clefable","Heal Pulse","57.041"
"Clefable","Moonlight","20.603"
"Clefable","Protect","16.125"
"Clefable","Helping Hand","10.849"
"Clefable","Icy Wind","7.679"
"Clefable","Cosmic Power","6.933"
"Clefable","Substitute","6.922"
"Clefable","Dazzling Gleam","5.622"
"Clefable","Spotlight","5.296"
"Clefable","Other","28.406"
"Shiftry","Fake Out","99.993"
"Shiftry","Tailwind","98.330"
"Shiftry","Leaf Blade","57.215"
"Shiftry","Dark Pulse","42.196"
"Shiftry","Knock Off","41.754"
"Shiftry","Worry Seed","41.216"
"Shiftry","Foul Play","15.975"
"Shiftry","Other","3.320"
"Mienshao","Fake Out","98.602"
"Mienshao","High Jump Kick","97.658"
"Mienshao","Wide Guard","51.527"
"Mienshao","Helping Hand","46.643"
"Mienshao","Feint","23.446"
"Mienshao","Dual Chop","19.458"
"Mienshao","Poison Jab","18.577"
"Mienshao","U-turn","13.287"
"Mienshao","Ally Switch","10.827"
"Mienshao","Protect","8.153"
"Mienshao","Other","11.822"
"Ludicolo","Fake Out","99.207"
"Ludicolo","Scald","72.306"
"Ludicolo","Ice Beam","68.596"
"Ludicolo","Giga Drain","57.913"
"Ludicolo","Grass Knot","33.945"
"Ludicolo","Hydro Pump","26.669"
"Ludicolo","Icy Wind","12.933"
"Ludicolo","Focus Blast","7.540"
"Ludicolo","Energy Ball","7.410"
"Ludicolo","Protect","6.496"
"Ludicolo","Leech Seed","5.084"
"Ludicolo","Other","1.901"
"Rotom-Heat","Overheat","99.643"
"Rotom-Heat","Protect","96.380"
"Rotom-Heat","Volt Switch","95.917"
"Rotom-Heat","Electroweb","53.342"
"Rotom-Heat","Thunder","41.517"
"Rotom-Heat","Other","13.203"
"Malamar","Superpower","99.868"
"Malamar","Trick Room","89.102"
"Malamar","Protect","81.831"
"Malamar","Throat Chop","45.806"
"Malamar","Knock Off","42.376"
"Malamar","Topsy-Turvy","9.265"
"Malamar","Taunt","7.152"
"Malamar","Thief","7.093"
"Malamar","Toxic","7.093"
"Malamar","Other","10.414"
"Magnezone","Thunderbolt","97.771"
"Magnezone","Substitute","86.943"
"Magnezone","Protect","83.375"
"Magnezone","Gyro Ball","70.882"
"Magnezone","Flash Cannon","29.115"
"Magnezone","Hidden Power Fire","16.723"
"Magnezone","Psych Up","6.058"
"Magnezone","Other","9.133"
"Landorus","Earth Power","99.405"
"Landorus","Protect","97.706"
"Landorus","Hidden Power Ice","62.954"
"Landorus","Sludge Bomb","51.594"
"Landorus","Calm Mind","34.106"
"Landorus","Gravity","32.486"
"Landorus","Knock Off","11.361"
"Landorus","Other","10.387"
"Azumarill","Play Rough","98.571"
"Azumarill","Aqua Jet","97.423"
"Azumarill","Protect","90.744"
"Azumarill","Belly Drum","54.492"
"Azumarill","Liquidation","36.381"
"Azumarill","Waterfall","9.794"
"Azumarill","Knock Off","6.298"
"Azumarill","Other","6.298"
"Lugia","Aeroblast","99.496"
"Lugia","Tailwind","92.872"
"Lugia","Skill Swap","82.306"
"Lugia","Whirlwind","46.524"
"Lugia","Protect","45.537"
"Lugia","Recover","6.571"
"Lugia","Calm Mind","6.198"
"Lugia","Toxic","5.897"
"Lugia","Earth Power","5.466"
"Lugia","Other","9.132"
"Murkrow","Foul Play","99.701"
"Murkrow","Tailwind","94.763"
"Murkrow","Taunt","93.383"
"Murkrow","Haze","67.092"
"Murkrow","Quash","27.674"
"Murkrow","Protect","11.434"
"Murkrow","Other","5.953"
"Dusclops","Trick Room","99.482"
"Dusclops","Night Shade","99.149"
"Dusclops","Gravity","85.726"
"Dusclops","Haze","57.981"
"Dusclops","Protect","41.192"
"Dusclops","Taunt","8.914"
"Dusclops","Other","7.556"
"Hydreigon","Dark Pulse","98.797"
"Hydreigon","Tailwind","76.904"
"Hydreigon","Protect","72.896"
"Hydreigon","Draco Meteor","71.961"
"Hydreigon","Earth Power","67.536"
"Hydreigon","Other","11.906"
"Golisopod","First Impression","98.020"
"Golisopod","Liquidation","90.070"
"Golisopod","Protect","87.200"
"Golisopod","Wide Guard","87.190"
"Golisopod","Leech Life","12.767"
"Golisopod","Aqua Jet","11.893"
"Golisopod","Rock Slide","9.894"
"Golisopod","Other","2.965"
"Sawk","Close Combat","100.000"
"Sawk","Knock Off","99.956"
"Sawk","Ice Punch","99.956"
"Sawk","Helping Hand","99.956"
"Sawk","Other","0.132"
"Sneasel","Fake Out","100.000"
"Sneasel","Icy Wind","91.586"
"Sneasel","Snarl","91.586"
"Sneasel","Beat Up","54.367"
"Sneasel","Knock Off","39.788"
"Sneasel","Icicle Crash","7.822"
"Sneasel","Taunt","7.822"
"Sneasel","Foul Play","5.845"
"Sneasel","Other","1.185"
"Hitmontop","Fake Out","99.900"
"Hitmontop","Close Combat","99.626"
"Hitmontop","Wide Guard","74.435"
"Hitmontop","Helping Hand","45.535"
"Hitmontop","Feint","35.878"
"Hitmontop","Quick Guard","24.449"
"Hitmontop","Bullet Punch","11.120"
"Hitmontop","Other","9.058"